category,job
Architecture and Engineering Occupations,Aerospace Engineering and Operations Technicians
Architecture and Engineering Occupations,Aerospace Engineers
Architecture and Engineering Occupations,Agricultural Engineers
Architecture and Engineering Occupations,"Architects, Except Landscape and Naval"
Architecture and Engineering Occupations,Architectural and Civil Drafters
Architecture and Engineering Occupations,Architectural Drafters
Architecture and Engineering Occupations,Automotive Engineering Technicians
Architecture and Engineering Occupations,Automotive Engineers
Architecture and Engineering Occupations,Biochemical Engineers
Architecture and Engineering Occupations,Biomedical Engineers
Architecture and Engineering Occupations,Cartographers and Photogrammetrists
Architecture and Engineering Occupations,Chemical Engineers
Architecture and Engineering Occupations,Civil Drafters
Architecture and Engineering Occupations,Civil Engineering Technicians
Architecture and Engineering Occupations,Civil Engineers
Architecture and Engineering Occupations,Computer Hardware Engineers
Architecture and Engineering Occupations,"Drafters, All Other"
Architecture and Engineering Occupations,Electrical and Electronic Engineering Technicians
Architecture and Engineering Occupations,Electrical and Electronics Drafters
Architecture and Engineering Occupations,Electrical Drafters
Architecture and Engineering Occupations,Electrical Engineering Technicians
Architecture and Engineering Occupations,Electrical Engineering Technologists
Architecture and Engineering Occupations,Electrical Engineers
Architecture and Engineering Occupations,Electro-Mechanical Technicians
Architecture and Engineering Occupations,Electromechanical Engineering Technologists
Architecture and Engineering Occupations,Electronic Drafters
Architecture and Engineering Occupations,Electronics Engineering Technicians
Architecture and Engineering Occupations,Electronics Engineering Technologists
Architecture and Engineering Occupations,"Electronics Engineers, Except Computer"
Architecture and Engineering Occupations,Energy Engineers
Architecture and Engineering Occupations,"Engineering Technicians, Except Drafters, All Other"
Architecture and Engineering Occupations,"Engineers, All Other"
Architecture and Engineering Occupations,Environmental Engineering Technicians
Architecture and Engineering Occupations,Environmental Engineers
Architecture and Engineering Occupations,Fire-Prevention and Protection Engineers
Architecture and Engineering Occupations,Fuel Cell Engineers
Architecture and Engineering Occupations,Fuel Cell Technicians
Architecture and Engineering Occupations,Geodetic Surveyors
Architecture and Engineering Occupations,"Health and Safety Engineers, Except Mining Safety Engineers and Inspectors"
Architecture and Engineering Occupations,Human Factors Engineers and Ergonomists
Architecture and Engineering Occupations,Industrial Engineering Technicians
Architecture and Engineering Occupations,Industrial Engineering Technologists
Architecture and Engineering Occupations,Industrial Engineers
Architecture and Engineering Occupations,Industrial Safety and Health Engineers
Architecture and Engineering Occupations,Landscape Architects
Architecture and Engineering Occupations,Manufacturing Engineering Technologists
Architecture and Engineering Occupations,Manufacturing Engineers
Architecture and Engineering Occupations,Manufacturing Production Technicians
Architecture and Engineering Occupations,Mapping Technicians
Architecture and Engineering Occupations,Marine Architects
Architecture and Engineering Occupations,Marine Engineers
Architecture and Engineering Occupations,Marine Engineers and Naval Architects
Architecture and Engineering Occupations,Materials Engineers
Architecture and Engineering Occupations,Mechanical Drafters
Architecture and Engineering Occupations,Mechanical Engineering Technicians
Architecture and Engineering Occupations,Mechanical Engineering Technologists
Architecture and Engineering Occupations,Mechanical Engineers
Architecture and Engineering Occupations,Mechatronics Engineers
Architecture and Engineering Occupations,Microsystems Engineers
Architecture and Engineering Occupations,"Mining and Geological Engineers, Including Mining Safety Engineers"
Architecture and Engineering Occupations,Nanosystems Engineers
Architecture and Engineering Occupations,Nanotechnology Engineering Technicians
Architecture and Engineering Occupations,Nanotechnology Engineering Technologists
Architecture and Engineering Occupations,Non-Destructive Testing Specialists
Architecture and Engineering Occupations,Nuclear Engineers
Architecture and Engineering Occupations,Petroleum Engineers
Architecture and Engineering Occupations,Photonics Engineers
Architecture and Engineering Occupations,Photonics Technicians
Architecture and Engineering Occupations,Product Safety Engineers
Architecture and Engineering Occupations,Radio Frequency Identification Device Specialists
Architecture and Engineering Occupations,Robotics Engineers
Architecture and Engineering Occupations,Robotics Technicians
Architecture and Engineering Occupations,Solar Energy Systems Engineers
Architecture and Engineering Occupations,Surveying and Mapping Technicians
Architecture and Engineering Occupations,Surveying Technicians
Architecture and Engineering Occupations,Surveyors
Architecture and Engineering Occupations,Transportation Engineers
Architecture and Engineering Occupations,Validation Engineers
Architecture and Engineering Occupations,Water/Wastewater Engineers
Architecture and Engineering Occupations,Wind Energy Engineers
"Arts, Design, Entertainment, Sports, and Media Occupations",Actors
"Arts, Design, Entertainment, Sports, and Media Occupations",Art Directors
"Arts, Design, Entertainment, Sports, and Media Occupations","Artists and Related Workers, All Other"
"Arts, Design, Entertainment, Sports, and Media Occupations",Athletes and Sports Competitors
"Arts, Design, Entertainment, Sports, and Media Occupations",Audio and Video Equipment Technicians
"Arts, Design, Entertainment, Sports, and Media Occupations",Broadcast News Analysts
"Arts, Design, Entertainment, Sports, and Media Occupations",Broadcast Technicians
"Arts, Design, Entertainment, Sports, and Media Occupations","Camera Operators, Television, Video, and Motion Picture"
"Arts, Design, Entertainment, Sports, and Media Occupations",Choreographers
"Arts, Design, Entertainment, Sports, and Media Occupations",Coaches and Scouts
"Arts, Design, Entertainment, Sports, and Media Occupations",Commercial and Industrial Designers
"Arts, Design, Entertainment, Sports, and Media Occupations",Copy Writers
"Arts, Design, Entertainment, Sports, and Media Occupations",Craft Artists
"Arts, Design, Entertainment, Sports, and Media Occupations",Dancers
"Arts, Design, Entertainment, Sports, and Media Occupations","Designers, All Other"
"Arts, Design, Entertainment, Sports, and Media Occupations","Directors- Stage, Motion Pictures, Television, and Radio"
"Arts, Design, Entertainment, Sports, and Media Occupations",Editors
"Arts, Design, Entertainment, Sports, and Media Occupations","Entertainers and Performers, Sports and Related Workers, All Other"
"Arts, Design, Entertainment, Sports, and Media Occupations",Fashion Designers
"Arts, Design, Entertainment, Sports, and Media Occupations",Film and Video Editors
"Arts, Design, Entertainment, Sports, and Media Occupations","Fine Artists, Including Painters, Sculptors, and Illustrators"
"Arts, Design, Entertainment, Sports, and Media Occupations",Floral Designers
"Arts, Design, Entertainment, Sports, and Media Occupations",Graphic Designers
"Arts, Design, Entertainment, Sports, and Media Occupations",Interior Designers
"Arts, Design, Entertainment, Sports, and Media Occupations",Interpreters and Translators
"Arts, Design, Entertainment, Sports, and Media Occupations","Media and Communication Equipment Workers, All Other"
"Arts, Design, Entertainment, Sports, and Media Occupations","Media and Communication Workers, All Other"
"Arts, Design, Entertainment, Sports, and Media Occupations",Merchandise Displayers and Window Trimmers
"Arts, Design, Entertainment, Sports, and Media Occupations",Multimedia Artists and Animators
"Arts, Design, Entertainment, Sports, and Media Occupations",Music Composers and Arrangers
"Arts, Design, Entertainment, Sports, and Media Occupations",Music Directors
"Arts, Design, Entertainment, Sports, and Media Occupations",Music Directors and Composers
"Arts, Design, Entertainment, Sports, and Media Occupations",Musicians and Singers
"Arts, Design, Entertainment, Sports, and Media Occupations","Musicians, Instrumental"
"Arts, Design, Entertainment, Sports, and Media Occupations",Photographers
"Arts, Design, Entertainment, Sports, and Media Occupations","Poets, Lyricists and Creative Writers"
"Arts, Design, Entertainment, Sports, and Media Occupations",Producers
"Arts, Design, Entertainment, Sports, and Media Occupations",Producers and Directors
"Arts, Design, Entertainment, Sports, and Media Occupations",Program Directors
"Arts, Design, Entertainment, Sports, and Media Occupations",Public Address System and Other Announcers
"Arts, Design, Entertainment, Sports, and Media Occupations",Public Relations Specialists
"Arts, Design, Entertainment, Sports, and Media Occupations",Radio and Television Announcers
"Arts, Design, Entertainment, Sports, and Media Occupations",Radio Operators
"Arts, Design, Entertainment, Sports, and Media Occupations",Reporters and Correspondents
"Arts, Design, Entertainment, Sports, and Media Occupations",Set and Exhibit Designers
"Arts, Design, Entertainment, Sports, and Media Occupations",Singers
"Arts, Design, Entertainment, Sports, and Media Occupations",Sound Engineering Technicians
"Arts, Design, Entertainment, Sports, and Media Occupations",Talent Directors
"Arts, Design, Entertainment, Sports, and Media Occupations",Technical Directors/Managers
"Arts, Design, Entertainment, Sports, and Media Occupations",Technical Writers
"Arts, Design, Entertainment, Sports, and Media Occupations","Umpires, Referees, and Other Sports Officials"
"Arts, Design, Entertainment, Sports, and Media Occupations",Writers and Authors
Building and Grounds Cleaning and Maintenance Occupations,"Building Cleaning Workers, All Other"
Building and Grounds Cleaning and Maintenance Occupations,First-Line Supervisors of Housekeeping and Janitorial Workers
Building and Grounds Cleaning and Maintenance Occupations,"First-Line Supervisors of Landscaping, Lawn Service, and Groundskeeping Workers"
Building and Grounds Cleaning and Maintenance Occupations,"Grounds Maintenance Workers, All Other"
Building and Grounds Cleaning and Maintenance Occupations,"Janitors and Cleaners, Except Maids and Housekeeping Cleaners"
Building and Grounds Cleaning and Maintenance Occupations,Landscaping and Groundskeeping Workers
Building and Grounds Cleaning and Maintenance Occupations,Maids and Housekeeping Cleaners
Building and Grounds Cleaning and Maintenance Occupations,Pest Control Workers
Building and Grounds Cleaning and Maintenance Occupations,"Pesticide Handlers, Sprayers, and Applicators, Vegetation"
Building and Grounds Cleaning and Maintenance Occupations,Tree Trimmers and Pruners
Business and Financial Operations Occupations,Accountants
Business and Financial Operations Occupations,Accountants and Auditors
Business and Financial Operations Occupations,"Agents and Business Managers of Artists, Performers, and Athletes"
Business and Financial Operations Occupations,Appraisers and Assessors of Real Estate
Business and Financial Operations Occupations,"Appraisers, Real Estate"
Business and Financial Operations Occupations,Assessors
Business and Financial Operations Occupations,Auditors
Business and Financial Operations Occupations,Budget Analysts
Business and Financial Operations Occupations,Business Continuity Planners
Business and Financial Operations Occupations,"Business Operations Specialists, All Other"
Business and Financial Operations Occupations,"Buyers and Purchasing Agents, Farm Products"
Business and Financial Operations Occupations,"Claims Adjusters, Examiners, and Investigators"
Business and Financial Operations Occupations,"Claims Examiners, Property and Casualty Insurance"
Business and Financial Operations Occupations,"Compensation, Benefits, and Job Analysis Specialists"
Business and Financial Operations Occupations,Compliance Officers
Business and Financial Operations Occupations,Coroners
Business and Financial Operations Occupations,Cost Estimators
Business and Financial Operations Occupations,Credit Analysts
Business and Financial Operations Occupations,Credit Counselors
Business and Financial Operations Occupations,Customs Brokers
Business and Financial Operations Occupations,Energy Auditors
Business and Financial Operations Occupations,Environmental Compliance Inspectors
Business and Financial Operations Occupations,Equal Opportunity Representatives and Officers
Business and Financial Operations Occupations,Farm Labor Contractors
Business and Financial Operations Occupations,Financial Analysts
Business and Financial Operations Occupations,Financial Examiners
Business and Financial Operations Occupations,Financial Quantitative Analysts
Business and Financial Operations Occupations,"Financial Specialists, All Other"
Business and Financial Operations Occupations,"Fraud Examiners, Investigators and Analysts"
Business and Financial Operations Occupations,Fundraisers
Business and Financial Operations Occupations,Government Property Inspectors and Investigators
Business and Financial Operations Occupations,Human Resources Specialists
Business and Financial Operations Occupations,"Insurance Adjusters, Examiners, and Investigators"
Business and Financial Operations Occupations,"Insurance Appraisers, Auto Damage"
Business and Financial Operations Occupations,Insurance Underwriters
Business and Financial Operations Occupations,Investment Underwriters
Business and Financial Operations Occupations,Labor Relations Specialists
Business and Financial Operations Occupations,Licensing Examiners and Inspectors
Business and Financial Operations Occupations,Loan Counselors
Business and Financial Operations Occupations,Loan Officers
Business and Financial Operations Occupations,Logisticians
Business and Financial Operations Occupations,Logistics Analysts
Business and Financial Operations Occupations,Logistics Engineers
Business and Financial Operations Occupations,Management Analysts
Business and Financial Operations Occupations,Market Research Analysts and Marketing Specialists
Business and Financial Operations Occupations,"Meeting, Convention, and Event Planners"
Business and Financial Operations Occupations,Online Merchants
Business and Financial Operations Occupations,Personal Financial Advisors
Business and Financial Operations Occupations,"Purchasing Agents, Except Wholesale, Retail, and Farm Products"
Business and Financial Operations Occupations,Regulatory Affairs Specialists
Business and Financial Operations Occupations,Risk Management Specialists
Business and Financial Operations Occupations,Security Management Specialists
Business and Financial Operations Occupations,Sustainability Specialists
Business and Financial Operations Occupations,"Tax Examiners and Collectors, and Revenue Agents"
Business and Financial Operations Occupations,Tax Preparers
Business and Financial Operations Occupations,Training and Development Specialists
Business and Financial Operations Occupations,"Wholesale and Retail Buyers, Except Farm Products"
Community and Social Services Occupations,"Child, Family, and School Social Workers"
Community and Social Services Occupations,Clergy
Community and Social Services Occupations,"Community and Social Service Specialists, All Other"
Community and Social Services Occupations,Community Health Workers
Community and Social Services Occupations,"Counselors, All Other"
Community and Social Services Occupations,"Directors, Religious Activities and Education"
Community and Social Services Occupations,"Educational, Guidance, School, and Vocational Counselors"
Community and Social Services Occupations,Health Educators
Community and Social Services Occupations,Healthcare Social Workers
Community and Social Services Occupations,Marriage and Family Therapists
Community and Social Services Occupations,Mental Health and Substance Abuse Social Workers
Community and Social Services Occupations,Mental Health Counselors
Community and Social Services Occupations,Probation Officers and Correctional Treatment Specialists
Community and Social Services Occupations,Rehabilitation Counselors
Community and Social Services Occupations,"Religious Workers, All Other"
Community and Social Services Occupations,Social and Human Service Assistants
Community and Social Services Occupations,"Social Workers, All Other"
Community and Social Services Occupations,Substance Abuse and Behavioral Disorder Counselors
Computer and Mathematical Occupations,Actuaries
Computer and Mathematical Occupations,Biostatisticians
Computer and Mathematical Occupations,Business Intelligence Analysts
Computer and Mathematical Occupations,Clinical Data Managers
Computer and Mathematical Occupations,Computer and Information Research Scientists
Computer and Mathematical Occupations,Computer Network Architects
Computer and Mathematical Occupations,Computer Network Support Specialists
Computer and Mathematical Occupations,"Computer Occupations, All Other"
Computer and Mathematical Occupations,Computer Programmers
Computer and Mathematical Occupations,Computer Systems Analysts
Computer and Mathematical Occupations,Computer Systems Engineers/Architects
Computer and Mathematical Occupations,Computer User Support Specialists
Computer and Mathematical Occupations,Data Warehousing Specialists
Computer and Mathematical Occupations,Database Administrators
Computer and Mathematical Occupations,Database Architects
Computer and Mathematical Occupations,Document Management Specialists
Computer and Mathematical Occupations,Geographic Information Systems Technicians
Computer and Mathematical Occupations,Geospatial Information Scientists and Technologists
Computer and Mathematical Occupations,Informatics Nurse Specialists
Computer and Mathematical Occupations,Information Security Analysts
Computer and Mathematical Occupations,Information Technology Project Managers
Computer and Mathematical Occupations,"Mathematical Science Occupations, All Other"
Computer and Mathematical Occupations,Mathematical Technicians
Computer and Mathematical Occupations,Mathematicians
Computer and Mathematical Occupations,Network and Computer Systems Administrators
Computer and Mathematical Occupations,Operations Research Analysts
Computer and Mathematical Occupations,Search Marketing Strategists
Computer and Mathematical Occupations,"Software Developers, Applications"
Computer and Mathematical Occupations,"Software Developers, Systems Software"
Computer and Mathematical Occupations,Software Quality Assurance Engineers and Testers
Computer and Mathematical Occupations,Statisticians
Computer and Mathematical Occupations,Telecommunications Engineering Specialists
Computer and Mathematical Occupations,Video Game Designers
Computer and Mathematical Occupations,Web Administrators
Computer and Mathematical Occupations,Web Developers
Construction and Extraction Occupations,Boilermakers
Construction and Extraction Occupations,Brickmasons and Blockmasons
Construction and Extraction Occupations,Carpenters
Construction and Extraction Occupations,Carpet Installers
Construction and Extraction Occupations,Cement Masons and Concrete Finishers
Construction and Extraction Occupations,Construction and Building Inspectors
Construction and Extraction Occupations,"Construction and Related Workers, All Other"
Construction and Extraction Occupations,Construction Carpenters
Construction and Extraction Occupations,Construction Laborers
Construction and Extraction Occupations,Continuous Mining Machine Operators
Construction and Extraction Occupations,"Derrick Operators, Oil and Gas"
Construction and Extraction Occupations,Drywall and Ceiling Tile Installers
Construction and Extraction Occupations,"Earth Drillers, Except Oil and Gas"
Construction and Extraction Occupations,Electricians
Construction and Extraction Occupations,Elevator Installers and Repairers
Construction and Extraction Occupations,"Explosives Workers, Ordnance Handling Experts, and Blasters"
Construction and Extraction Occupations,"Extraction Workers, All Other"
Construction and Extraction Occupations,Fence Erectors
Construction and Extraction Occupations,First-Line Supervisors of Construction Trades and Extraction Workers
Construction and Extraction Occupations,"Floor Layers, Except Carpet, Wood, and Hard Tiles"
Construction and Extraction Occupations,Floor Sanders and Finishers
Construction and Extraction Occupations,Glaziers
Construction and Extraction Occupations,Hazardous Materials Removal Workers
Construction and Extraction Occupations,"Helpers, Construction Trades, All Other"
Construction and Extraction Occupations,"Helpers--Brickmasons, Blockmasons, Stonemasons, and Tile and Marble Setters"
Construction and Extraction Occupations,Helpers--Carpenters
Construction and Extraction Occupations,Helpers--Electricians
Construction and Extraction Occupations,Helpers--Extraction Workers
Construction and Extraction Occupations,"Helpers--Painters, Paperhangers, Plasterers, and Stucco Masons"
Construction and Extraction Occupations,"Helpers--Pipelayers, Plumbers, Pipefitters, and Steamfitters"
Construction and Extraction Occupations,Helpers--Roofers
Construction and Extraction Occupations,Highway Maintenance Workers
Construction and Extraction Occupations,"Insulation Workers, Floor, Ceiling, and Wall"
Construction and Extraction Occupations,"Insulation Workers, Mechanical"
Construction and Extraction Occupations,Mine Cutting and Channeling Machine Operators
Construction and Extraction Occupations,"Mining Machine Operators, All Other"
Construction and Extraction Occupations,Operating Engineers and Other Construction Equipment Operators
Construction and Extraction Occupations,"Painters, Construction and Maintenance"
Construction and Extraction Occupations,Paperhangers
Construction and Extraction Occupations,"Paving, Surfacing, and Tamping Equipment Operators"
Construction and Extraction Occupations,Pile-Driver Operators
Construction and Extraction Occupations,Pipe Fitters and Steamfitters
Construction and Extraction Occupations,Pipelayers
Construction and Extraction Occupations,Plasterers and Stucco Masons
Construction and Extraction Occupations,Plumbers
Construction and Extraction Occupations,"Plumbers, Pipefitters, and Steamfitters"
Construction and Extraction Occupations,Rail-Track Laying and Maintenance Equipment Operators
Construction and Extraction Occupations,Reinforcing Iron and Rebar Workers
Construction and Extraction Occupations,"Rock Splitters, Quarry"
Construction and Extraction Occupations,"Roof Bolters, Mining"
Construction and Extraction Occupations,Roofers
Construction and Extraction Occupations,"Rotary Drill Operators, Oil and Gas"
Construction and Extraction Occupations,Rough Carpenters
Construction and Extraction Occupations,"Roustabouts, Oil and Gas"
Construction and Extraction Occupations,Segmental Pavers
Construction and Extraction Occupations,Septic Tank Servicers and Sewer Pipe Cleaners
Construction and Extraction Occupations,"Service Unit Operators, Oil, Gas, and Mining"
Construction and Extraction Occupations,Sheet Metal Workers
Construction and Extraction Occupations,Solar Energy Installation Managers
Construction and Extraction Occupations,Solar Photovoltaic Installers
Construction and Extraction Occupations,Solar Thermal Installers and Technicians
Construction and Extraction Occupations,Stonemasons
Construction and Extraction Occupations,Structural Iron and Steel Workers
Construction and Extraction Occupations,Tapers
Construction and Extraction Occupations,Terrazzo Workers and Finishers
Construction and Extraction Occupations,Tile and Marble Setters
Construction and Extraction Occupations,Weatherization Installers and Technicians
"Education, Training, and Library Occupations",Adapted Physical Education Specialists
"Education, Training, and Library Occupations",Adult Basic and Secondary Education and Literacy Teachers and Instructors
"Education, Training, and Library Occupations","Agricultural Sciences Teachers, Postsecondary"
"Education, Training, and Library Occupations","Anthropology and Archeology Teachers, Postsecondary"
"Education, Training, and Library Occupations","Architecture Teachers, Postsecondary"
"Education, Training, and Library Occupations",Archivists
"Education, Training, and Library Occupations","Area, Ethnic, and Cultural Studies Teachers, Postsecondary"
"Education, Training, and Library Occupations","Art, Drama, and Music Teachers, Postsecondary"
"Education, Training, and Library Occupations","Atmospheric, Earth, Marine, and Space Sciences Teachers, Postsecondary"
"Education, Training, and Library Occupations",Audio-Visual and Multimedia Collections Specialists
"Education, Training, and Library Occupations","Biological Science Teachers, Postsecondary"
"Education, Training, and Library Occupations","Business Teachers, Postsecondary"
"Education, Training, and Library Occupations","Career/Technical Education Teachers, Middle School"
"Education, Training, and Library Occupations","Career/Technical Education Teachers, Secondary School"
"Education, Training, and Library Occupations","Chemistry Teachers, Postsecondary"
"Education, Training, and Library Occupations","Communications Teachers, Postsecondary"
"Education, Training, and Library Occupations","Computer Science Teachers, Postsecondary"
"Education, Training, and Library Occupations","Criminal Justice and Law Enforcement Teachers, Postsecondary"
"Education, Training, and Library Occupations",Curators
"Education, Training, and Library Occupations","Economics Teachers, Postsecondary"
"Education, Training, and Library Occupations","Education Teachers, Postsecondary"
"Education, Training, and Library Occupations","Education, Training, and Library Workers, All Other"
"Education, Training, and Library Occupations","Elementary School Teachers, Except Special Education"
"Education, Training, and Library Occupations","Engineering Teachers, Postsecondary"
"Education, Training, and Library Occupations","English Language and Literature Teachers, Postsecondary"
"Education, Training, and Library Occupations","Environmental Science Teachers, Postsecondary"
"Education, Training, and Library Occupations",Farm and Home Management Advisors
"Education, Training, and Library Occupations","Foreign Language and Literature Teachers, Postsecondary"
"Education, Training, and Library Occupations","Forestry and Conservation Science Teachers, Postsecondary"
"Education, Training, and Library Occupations","Geography Teachers, Postsecondary"
"Education, Training, and Library Occupations",Graduate Teaching Assistants
"Education, Training, and Library Occupations","Health Specialties Teachers, Postsecondary"
"Education, Training, and Library Occupations","History Teachers, Postsecondary"
"Education, Training, and Library Occupations","Home Economics Teachers, Postsecondary"
"Education, Training, and Library Occupations",Instructional Coordinators
"Education, Training, and Library Occupations",Instructional Designers and Technologists
"Education, Training, and Library Occupations","Kindergarten Teachers, Except Special Education"
"Education, Training, and Library Occupations","Law Teachers, Postsecondary"
"Education, Training, and Library Occupations",Librarians
"Education, Training, and Library Occupations","Library Science Teachers, Postsecondary"
"Education, Training, and Library Occupations",Library Technicians
"Education, Training, and Library Occupations","Mathematical Science Teachers, Postsecondary"
"Education, Training, and Library Occupations","Middle School Teachers, Except Special and Career/Technical Education"
"Education, Training, and Library Occupations",Museum Technicians and Conservators
"Education, Training, and Library Occupations","Nursing Instructors and Teachers, Postsecondary"
"Education, Training, and Library Occupations","Philosophy and Religion Teachers, Postsecondary"
"Education, Training, and Library Occupations","Physics Teachers, Postsecondary"
"Education, Training, and Library Occupations","Political Science Teachers, Postsecondary"
"Education, Training, and Library Occupations","Postsecondary Teachers, All Other"
"Education, Training, and Library Occupations","Preschool Teachers, Except Special Education"
"Education, Training, and Library Occupations","Psychology Teachers, Postsecondary"
"Education, Training, and Library Occupations","Recreation and Fitness Studies Teachers, Postsecondary"
"Education, Training, and Library Occupations","Secondary School Teachers, Except Special and Career/Technical Education"
"Education, Training, and Library Occupations",Self-Enrichment Education Teachers
"Education, Training, and Library Occupations","Social Sciences Teachers, Postsecondary, All Other"
"Education, Training, and Library Occupations","Social Work Teachers, Postsecondary"
"Education, Training, and Library Occupations","Sociology Teachers, Postsecondary"
"Education, Training, and Library Occupations","Special Education Teachers, All Other"
"Education, Training, and Library Occupations","Special Education Teachers, Kindergarten and Elementary School"
"Education, Training, and Library Occupations","Special Education Teachers, Middle School"
"Education, Training, and Library Occupations","Special Education Teachers, Preschool"
"Education, Training, and Library Occupations","Special Education Teachers, Secondary School"
"Education, Training, and Library Occupations",Teacher Assistants
"Education, Training, and Library Occupations","Teachers and Instructors, All Other"
"Education, Training, and Library Occupations",Tutors
"Education, Training, and Library Occupations","Vocational Education Teachers, Postsecondary"
"Farming, Fishing, and Forestry Occupations",Agricultural Equipment Operators
"Farming, Fishing, and Forestry Occupations",Agricultural Inspectors
"Farming, Fishing, and Forestry Occupations","Agricultural Workers, All Other"
"Farming, Fishing, and Forestry Occupations",Animal Breeders
"Farming, Fishing, and Forestry Occupations",Fallers
"Farming, Fishing, and Forestry Occupations","Farmworkers and Laborers, Crop"
"Farming, Fishing, and Forestry Occupations","Farmworkers and Laborers, Crop, Nursery, and Greenhouse"
"Farming, Fishing, and Forestry Occupations","Farmworkers, Farm, Ranch, and Aquacultural Animals"
"Farming, Fishing, and Forestry Occupations",First-Line Supervisors of Agricultural Crop and Horticultural Workers
"Farming, Fishing, and Forestry Occupations",First-Line Supervisors of Animal Husbandry and Animal Care Workers
"Farming, Fishing, and Forestry Occupations",First-Line Supervisors of Aquacultural Workers
"Farming, Fishing, and Forestry Occupations","First-Line Supervisors of Farming, Fishing, and Forestry Workers"
"Farming, Fishing, and Forestry Occupations",First-Line Supervisors of Logging Workers
"Farming, Fishing, and Forestry Occupations",Fishers and Related Fishing Workers
"Farming, Fishing, and Forestry Occupations",Forest and Conservation Workers
"Farming, Fishing, and Forestry Occupations","Graders and Sorters, Agricultural Products"
"Farming, Fishing, and Forestry Occupations",Hunters and Trappers
"Farming, Fishing, and Forestry Occupations",Log Graders and Scalers
"Farming, Fishing, and Forestry Occupations",Logging Equipment Operators
"Farming, Fishing, and Forestry Occupations","Logging Workers, All Other"
"Farming, Fishing, and Forestry Occupations",Nursery Workers
Food Preparation and Serving Related Occupations,Baristas
Food Preparation and Serving Related Occupations,Bartenders
Food Preparation and Serving Related Occupations,Chefs and Head Cooks
Food Preparation and Serving Related Occupations,"Combined Food Preparation and Serving Workers, Including Fast Food"
Food Preparation and Serving Related Occupations,"Cooks, All Other"
Food Preparation and Serving Related Occupations,"Cooks, Fast Food"
Food Preparation and Serving Related Occupations,"Cooks, Institution and Cafeteria"
Food Preparation and Serving Related Occupations,"Cooks, Private Household"
Food Preparation and Serving Related Occupations,"Cooks, Restaurant"
Food Preparation and Serving Related Occupations,"Cooks, Short Order"
Food Preparation and Serving Related Occupations,"Counter Attendants, Cafeteria, Food Concession, and Coffee Shop"
Food Preparation and Serving Related Occupations,Dining Room and Cafeteria Attendants and Bartender Helpers
Food Preparation and Serving Related Occupations,Dishwashers
Food Preparation and Serving Related Occupations,First-Line Supervisors of Food Preparation and Serving Workers
Food Preparation and Serving Related Occupations,"Food Preparation and Serving Related Workers, All Other"
Food Preparation and Serving Related Occupations,Food Preparation Workers
Food Preparation and Serving Related Occupations,"Food Servers, Nonrestaurant"
Food Preparation and Serving Related Occupations,"Hosts and Hostesses, Restaurant, Lounge, and Coffee Shop"
Food Preparation and Serving Related Occupations,Waiters and Waitresses
Healthcare Practitioners and Technical Occupations,Acupuncturists
Healthcare Practitioners and Technical Occupations,Acute Care Nurses
Healthcare Practitioners and Technical Occupations,Advanced Practice Psychiatric Nurses
Healthcare Practitioners and Technical Occupations,Allergists and Immunologists
Healthcare Practitioners and Technical Occupations,Anesthesiologist Assistants
Healthcare Practitioners and Technical Occupations,Anesthesiologists
Healthcare Practitioners and Technical Occupations,Art Therapists
Healthcare Practitioners and Technical Occupations,Athletic Trainers
Healthcare Practitioners and Technical Occupations,Audiologists
Healthcare Practitioners and Technical Occupations,Cardiovascular Technologists and Technicians
Healthcare Practitioners and Technical Occupations,Chiropractors
Healthcare Practitioners and Technical Occupations,Clinical Nurse Specialists
Healthcare Practitioners and Technical Occupations,Critical Care Nurses
Healthcare Practitioners and Technical Occupations,Cytogenetic Technologists
Healthcare Practitioners and Technical Occupations,Cytotechnologists
Healthcare Practitioners and Technical Occupations,Dental Hygienists
Healthcare Practitioners and Technical Occupations,"Dentists, All Other Specialists"
Healthcare Practitioners and Technical Occupations,"Dentists, General"
Healthcare Practitioners and Technical Occupations,Dermatologists
Healthcare Practitioners and Technical Occupations,Diagnostic Medical Sonographers
Healthcare Practitioners and Technical Occupations,Dietetic Technicians
Healthcare Practitioners and Technical Occupations,Dietitians and Nutritionists
Healthcare Practitioners and Technical Occupations,Emergency Medical Technicians and Paramedics
Healthcare Practitioners and Technical Occupations,Exercise Physiologists
Healthcare Practitioners and Technical Occupations,Family and General Practitioners
Healthcare Practitioners and Technical Occupations,Genetic Counselors
Healthcare Practitioners and Technical Occupations,"Health Diagnosing and Treating Practitioners, All Other"
Healthcare Practitioners and Technical Occupations,"Health Technologists and Technicians, All Other"
Healthcare Practitioners and Technical Occupations,"Healthcare Practitioners and Technical Workers, All Other"
Healthcare Practitioners and Technical Occupations,Hearing Aid Specialists
Healthcare Practitioners and Technical Occupations,Histotechnologists and Histologic Technicians
Healthcare Practitioners and Technical Occupations,Hospitalists
Healthcare Practitioners and Technical Occupations,"Internists, General"
Healthcare Practitioners and Technical Occupations,Licensed Practical and Licensed Vocational Nurses
Healthcare Practitioners and Technical Occupations,"Low Vision Therapists, Orientation and Mobility Specialists, and Vision Rehabilitation Therapists"
Healthcare Practitioners and Technical Occupations,Magnetic Resonance Imaging Technologists
Healthcare Practitioners and Technical Occupations,Medical and Clinical Laboratory Technicians
Healthcare Practitioners and Technical Occupations,Medical and Clinical Laboratory Technologists
Healthcare Practitioners and Technical Occupations,Medical Records and Health Information Technicians
Healthcare Practitioners and Technical Occupations,Midwives
Healthcare Practitioners and Technical Occupations,Music Therapists
Healthcare Practitioners and Technical Occupations,Naturopathic Physicians
Healthcare Practitioners and Technical Occupations,Neurodiagnostic Technologists
Healthcare Practitioners and Technical Occupations,Neurologists
Healthcare Practitioners and Technical Occupations,Nuclear Medicine Physicians
Healthcare Practitioners and Technical Occupations,Nuclear Medicine Technologists
Healthcare Practitioners and Technical Occupations,Nurse Anesthetists
Healthcare Practitioners and Technical Occupations,Nurse Midwives
Healthcare Practitioners and Technical Occupations,Nurse Practitioners
Healthcare Practitioners and Technical Occupations,Obstetricians and Gynecologists
Healthcare Practitioners and Technical Occupations,Occupational Health and Safety Specialists
Healthcare Practitioners and Technical Occupations,Occupational Health and Safety Technicians
Healthcare Practitioners and Technical Occupations,Occupational Therapists
Healthcare Practitioners and Technical Occupations,Ophthalmic Medical Technicians
Healthcare Practitioners and Technical Occupations,Ophthalmic Medical Technologists
Healthcare Practitioners and Technical Occupations,Ophthalmologists
Healthcare Practitioners and Technical Occupations,"Opticians, Dispensing"
Healthcare Practitioners and Technical Occupations,Optometrists
Healthcare Practitioners and Technical Occupations,Oral and Maxillofacial Surgeons
Healthcare Practitioners and Technical Occupations,Orthodontists
Healthcare Practitioners and Technical Occupations,Orthoptists
Healthcare Practitioners and Technical Occupations,Orthotists and Prosthetists
Healthcare Practitioners and Technical Occupations,Pathologists
Healthcare Practitioners and Technical Occupations,"Pediatricians, General"
Healthcare Practitioners and Technical Occupations,Pharmacists
Healthcare Practitioners and Technical Occupations,Pharmacy Technicians
Healthcare Practitioners and Technical Occupations,Physical Medicine and Rehabilitation Physicians
Healthcare Practitioners and Technical Occupations,Physical Therapists
Healthcare Practitioners and Technical Occupations,Physician Assistants
Healthcare Practitioners and Technical Occupations,"Physicians and Surgeons, All Other"
Healthcare Practitioners and Technical Occupations,Podiatrists
Healthcare Practitioners and Technical Occupations,Preventive Medicine Physicians
Healthcare Practitioners and Technical Occupations,Prosthodontists
Healthcare Practitioners and Technical Occupations,Psychiatric Technicians
Healthcare Practitioners and Technical Occupations,Psychiatrists
Healthcare Practitioners and Technical Occupations,Radiation Therapists
Healthcare Practitioners and Technical Occupations,Radiologic Technicians
Healthcare Practitioners and Technical Occupations,Radiologic Technologists
Healthcare Practitioners and Technical Occupations,Radiologists
Healthcare Practitioners and Technical Occupations,Recreational Therapists
Healthcare Practitioners and Technical Occupations,Registered Nurses
Healthcare Practitioners and Technical Occupations,Respiratory Therapists
Healthcare Practitioners and Technical Occupations,Respiratory Therapy Technicians
Healthcare Practitioners and Technical Occupations,Speech-Language Pathologists
Healthcare Practitioners and Technical Occupations,Sports Medicine Physicians
Healthcare Practitioners and Technical Occupations,Surgeons
Healthcare Practitioners and Technical Occupations,Surgical Assistants
Healthcare Practitioners and Technical Occupations,Surgical Technologists
Healthcare Practitioners and Technical Occupations,"Therapists, All Other"
Healthcare Practitioners and Technical Occupations,Urologists
Healthcare Practitioners and Technical Occupations,Veterinarians
Healthcare Practitioners and Technical Occupations,Veterinary Technologists and Technicians
Healthcare Support Occupations,Dental Assistants
Healthcare Support Occupations,Endoscopy Technicians
Healthcare Support Occupations,"Healthcare Support Workers, All Other"
Healthcare Support Occupations,Home Health Aides
Healthcare Support Occupations,Massage Therapists
Healthcare Support Occupations,Medical Assistants
Healthcare Support Occupations,Medical Equipment Preparers
Healthcare Support Occupations,Medical Transcriptionists
Healthcare Support Occupations,Nursing Assistants
Healthcare Support Occupations,Occupational Therapy Aides
Healthcare Support Occupations,Occupational Therapy Assistants
Healthcare Support Occupations,Orderlies
Healthcare Support Occupations,Pharmacy Aides
Healthcare Support Occupations,Phlebotomists
Healthcare Support Occupations,Physical Therapist Aides
Healthcare Support Occupations,Physical Therapist Assistants
Healthcare Support Occupations,Psychiatric Aides
Healthcare Support Occupations,Speech-Language Pathology Assistants
Healthcare Support Occupations,Veterinary Assistants and Laboratory Animal Caretakers
"Installation, Maintenance, and Repair Occupations",Aircraft Mechanics and Service Technicians
"Installation, Maintenance, and Repair Occupations",Automotive Body and Related Repairers
"Installation, Maintenance, and Repair Occupations",Automotive Glass Installers and Repairers
"Installation, Maintenance, and Repair Occupations",Automotive Master Mechanics
"Installation, Maintenance, and Repair Occupations",Automotive Service Technicians and Mechanics
"Installation, Maintenance, and Repair Occupations",Automotive Specialty Technicians
"Installation, Maintenance, and Repair Occupations",Avionics Technicians
"Installation, Maintenance, and Repair Occupations",Bicycle Repairers
"Installation, Maintenance, and Repair Occupations",Bus and Truck Mechanics and Diesel Engine Specialists
"Installation, Maintenance, and Repair Occupations",Camera and Photographic Equipment Repairers
"Installation, Maintenance, and Repair Occupations","Coin, Vending, and Amusement Machine Servicers and Repairers"
"Installation, Maintenance, and Repair Occupations",Commercial Divers
"Installation, Maintenance, and Repair Occupations","Computer, Automated Teller, and Office Machine Repairers"
"Installation, Maintenance, and Repair Occupations","Control and Valve Installers and Repairers, Except Mechanical Door"
"Installation, Maintenance, and Repair Occupations","Electric Motor, Power Tool, and Related Repairers"
"Installation, Maintenance, and Repair Occupations","Electrical and Electronics Installers and Repairers, Transportation Equipment"
"Installation, Maintenance, and Repair Occupations","Electrical and Electronics Repairers, Commercial and Industrial Equipment"
"Installation, Maintenance, and Repair Occupations","Electrical and Electronics Repairers, Powerhouse, Substation, and Relay"
"Installation, Maintenance, and Repair Occupations",Electrical Power-Line Installers and Repairers
"Installation, Maintenance, and Repair Occupations","Electronic Equipment Installers and Repairers, Motor Vehicles"
"Installation, Maintenance, and Repair Occupations",Electronic Home Entertainment Equipment Installers and Repairers
"Installation, Maintenance, and Repair Occupations","Fabric Menders, Except Garment"
"Installation, Maintenance, and Repair Occupations",Farm Equipment Mechanics and Service Technicians
"Installation, Maintenance, and Repair Occupations","First-Line Supervisors of Mechanics, Installers, and Repairers"
"Installation, Maintenance, and Repair Occupations",Geothermal Technicians
"Installation, Maintenance, and Repair Occupations",Heating and Air Conditioning Mechanics and Installers
"Installation, Maintenance, and Repair Occupations","Heating, Air Conditioning, and Refrigeration Mechanics and Installers"
"Installation, Maintenance, and Repair Occupations","Helpers--Installation, Maintenance, and Repair Workers"
"Installation, Maintenance, and Repair Occupations",Home Appliance Repairers
"Installation, Maintenance, and Repair Occupations",Industrial Machinery Mechanics
"Installation, Maintenance, and Repair Occupations","Installation, Maintenance, and Repair Workers, All Other"
"Installation, Maintenance, and Repair Occupations",Locksmiths and Safe Repairers
"Installation, Maintenance, and Repair Occupations","Maintenance and Repair Workers, General"
"Installation, Maintenance, and Repair Occupations","Maintenance Workers, Machinery"
"Installation, Maintenance, and Repair Occupations",Manufactured Building and Mobile Home Installers
"Installation, Maintenance, and Repair Occupations",Mechanical Door Repairers
"Installation, Maintenance, and Repair Occupations",Medical Equipment Repairers
"Installation, Maintenance, and Repair Occupations",Millwrights
"Installation, Maintenance, and Repair Occupations","Mobile Heavy Equipment Mechanics, Except Engines"
"Installation, Maintenance, and Repair Occupations",Motorboat Mechanics and Service Technicians
"Installation, Maintenance, and Repair Occupations",Motorcycle Mechanics
"Installation, Maintenance, and Repair Occupations",Musical Instrument Repairers and Tuners
"Installation, Maintenance, and Repair Occupations",Outdoor Power Equipment and Other Small Engine Mechanics
"Installation, Maintenance, and Repair Occupations","Precision Instrument and Equipment Repairers, All Other"
"Installation, Maintenance, and Repair Occupations",Radio Mechanics
"Installation, Maintenance, and Repair Occupations","Radio, Cellular, and Tower Equipment Installers and Repairers"
"Installation, Maintenance, and Repair Occupations",Rail Car Repairers
"Installation, Maintenance, and Repair Occupations",Recreational Vehicle Service Technicians
"Installation, Maintenance, and Repair Occupations","Refractory Materials Repairers, Except Brickmasons"
"Installation, Maintenance, and Repair Occupations",Refrigeration Mechanics and Installers
"Installation, Maintenance, and Repair Occupations",Riggers
"Installation, Maintenance, and Repair Occupations",Security and Fire Alarm Systems Installers
"Installation, Maintenance, and Repair Occupations",Signal and Track Switch Repairers
"Installation, Maintenance, and Repair Occupations","Telecommunications Equipment Installers and Repairers, Except Line Installers"
"Installation, Maintenance, and Repair Occupations",Telecommunications Line Installers and Repairers
"Installation, Maintenance, and Repair Occupations",Tire Repairers and Changers
"Installation, Maintenance, and Repair Occupations",Watch Repairers
"Installation, Maintenance, and Repair Occupations",Wind Turbine Service Technicians
Legal Occupations,"Administrative Law Judges, Adjudicators, and Hearing Officers"
Legal Occupations,"Arbitrators, Mediators, and Conciliators"
Legal Occupations,Court Reporters
Legal Occupations,"Judges, Magistrate Judges, and Magistrates"
Legal Occupations,Judicial Law Clerks
Legal Occupations,Lawyers
Legal Occupations,"Legal Support Workers, All Other"
Legal Occupations,Paralegals and Legal Assistants
Legal Occupations,"Title Examiners, Abstractors, and Searchers"
"Life, Physical, and Social Science Occupations",Agricultural and Food Science Technicians
"Life, Physical, and Social Science Occupations",Agricultural Technicians
"Life, Physical, and Social Science Occupations",Animal Scientists
"Life, Physical, and Social Science Occupations",Anthropologists
"Life, Physical, and Social Science Occupations",Anthropologists and Archeologists
"Life, Physical, and Social Science Occupations",Archeologists
"Life, Physical, and Social Science Occupations",Astronomers
"Life, Physical, and Social Science Occupations",Atmospheric and Space Scientists
"Life, Physical, and Social Science Occupations",Biochemists and Biophysicists
"Life, Physical, and Social Science Occupations",Bioinformatics Scientists
"Life, Physical, and Social Science Occupations","Biological Scientists, All Other"
"Life, Physical, and Social Science Occupations",Biological Technicians
"Life, Physical, and Social Science Occupations",Biologists
"Life, Physical, and Social Science Occupations",Chemical Technicians
"Life, Physical, and Social Science Occupations",Chemists
"Life, Physical, and Social Science Occupations",City and Regional Planning Aides
"Life, Physical, and Social Science Occupations",Climate Change Analysts
"Life, Physical, and Social Science Occupations",Clinical Psychologists
"Life, Physical, and Social Science Occupations","Clinical, Counseling, and School Psychologists"
"Life, Physical, and Social Science Occupations",Conservation Scientists
"Life, Physical, and Social Science Occupations",Counseling Psychologists
"Life, Physical, and Social Science Occupations",Economists
"Life, Physical, and Social Science Occupations",Environmental Economists
"Life, Physical, and Social Science Occupations",Environmental Restoration Planners
"Life, Physical, and Social Science Occupations","Environmental Science and Protection Technicians, Including Health"
"Life, Physical, and Social Science Occupations","Environmental Scientists and Specialists, Including Health"
"Life, Physical, and Social Science Occupations",Epidemiologists
"Life, Physical, and Social Science Occupations",Food Science Technicians
"Life, Physical, and Social Science Occupations",Food Scientists and Technologists
"Life, Physical, and Social Science Occupations",Forensic Science Technicians
"Life, Physical, and Social Science Occupations",Forest and Conservation Technicians
"Life, Physical, and Social Science Occupations",Foresters
"Life, Physical, and Social Science Occupations",Geneticists
"Life, Physical, and Social Science Occupations",Geographers
"Life, Physical, and Social Science Occupations",Geological and Petroleum Technicians
"Life, Physical, and Social Science Occupations",Geological Sample Test Technicians
"Life, Physical, and Social Science Occupations",Geophysical Data Technicians
"Life, Physical, and Social Science Occupations","Geoscientists, Except Hydrologists and Geographers"
"Life, Physical, and Social Science Occupations",Historians
"Life, Physical, and Social Science Occupations",Hydrologists
"Life, Physical, and Social Science Occupations",Industrial Ecologists
"Life, Physical, and Social Science Occupations",Industrial-Organizational Psychologists
"Life, Physical, and Social Science Occupations","Life Scientists, All Other"
"Life, Physical, and Social Science Occupations","Life, Physical, and Social Science Technicians, All Other"
"Life, Physical, and Social Science Occupations",Materials Scientists
"Life, Physical, and Social Science Occupations","Medical Scientists, Except Epidemiologists"
"Life, Physical, and Social Science Occupations",Microbiologists
"Life, Physical, and Social Science Occupations",Molecular and Cellular Biologists
"Life, Physical, and Social Science Occupations",Neuropsychologists and Clinical Neuropsychologists
"Life, Physical, and Social Science Occupations",Nuclear Equipment Operation Technicians
"Life, Physical, and Social Science Occupations",Nuclear Monitoring Technicians
"Life, Physical, and Social Science Occupations",Nuclear Technicians
"Life, Physical, and Social Science Occupations",Park Naturalists
"Life, Physical, and Social Science Occupations","Physical Scientists, All Other"
"Life, Physical, and Social Science Occupations",Physicists
"Life, Physical, and Social Science Occupations",Political Scientists
"Life, Physical, and Social Science Occupations",Precision Agriculture Technicians
"Life, Physical, and Social Science Occupations","Psychologists, All Other"
"Life, Physical, and Social Science Occupations",Quality Control Analysts
"Life, Physical, and Social Science Occupations",Range Managers
"Life, Physical, and Social Science Occupations",Remote Sensing Scientists and Technologists
"Life, Physical, and Social Science Occupations",Remote Sensing Technicians
"Life, Physical, and Social Science Occupations",School Psychologists
"Life, Physical, and Social Science Occupations",Social Science Research Assistants
"Life, Physical, and Social Science Occupations","Social Scientists and Related Workers, All Other"
"Life, Physical, and Social Science Occupations",Sociologists
"Life, Physical, and Social Science Occupations",Soil and Plant Scientists
"Life, Physical, and Social Science Occupations",Soil and Water Conservationists
"Life, Physical, and Social Science Occupations",Survey Researchers
"Life, Physical, and Social Science Occupations",Transportation Planners
"Life, Physical, and Social Science Occupations",Urban and Regional Planners
"Life, Physical, and Social Science Occupations",Zoologists and Wildlife Biologists
Management Occupations,Administrative Services Managers
Management Occupations,Advertising and Promotions Managers
Management Occupations,Aquacultural Managers
Management Occupations,Architectural and Engineering Managers
Management Occupations,Biofuels Production Managers
Management Occupations,Biofuels/Biodiesel Technology and Product Development Managers
Management Occupations,Biomass Power Plant Managers
Management Occupations,Brownfield Redevelopment Specialists and Site Managers
Management Occupations,Chief Executives
Management Occupations,Chief Sustainability Officers
Management Occupations,Clinical Research Coordinators
Management Occupations,Compensation and Benefits Managers
Management Occupations,Compliance Managers
Management Occupations,Computer and Information Systems Managers
Management Occupations,Construction Managers
Management Occupations,Distance Learning Coordinators
Management Occupations,"Education Administrators, All Other"
Management Occupations,"Education Administrators, Elementary and Secondary School"
Management Occupations,"Education Administrators, Postsecondary"
Management Occupations,"Education Administrators, Preschool and Childcare Center/Program"
Management Occupations,Emergency Management Directors
Management Occupations,Farm and Ranch Managers
Management Occupations,"Farmers, Ranchers, and Other Agricultural Managers"
Management Occupations,Financial Managers
Management Occupations,"Financial Managers, Branch or Department"
Management Occupations,Fitness and Wellness Coordinators
Management Occupations,Food Service Managers
Management Occupations,Funeral Service Managers
Management Occupations,Gaming Managers
Management Occupations,General and Operations Managers
Management Occupations,Geothermal Production Managers
Management Occupations,Green Marketers
Management Occupations,Human Resources Managers
Management Occupations,Hydroelectric Production Managers
Management Occupations,Industrial Production Managers
Management Occupations,Investment Fund Managers
Management Occupations,Legislators
Management Occupations,Lodging Managers
Management Occupations,Logistics Managers
Management Occupations,Loss Prevention Managers
Management Occupations,"Managers, All Other"
Management Occupations,Marketing Managers
Management Occupations,Medical and Health Services Managers
Management Occupations,Methane/Landfill Gas Collection System Operators
Management Occupations,Natural Sciences Managers
Management Occupations,Nursery and Greenhouse Managers
Management Occupations,Postmasters and Mail Superintendents
Management Occupations,"Property, Real Estate, and Community Association Managers"
Management Occupations,Public Relations and Fundraising Managers
Management Occupations,Purchasing Managers
Management Occupations,Quality Control Systems Managers
Management Occupations,Regulatory Affairs Managers
Management Occupations,Sales Managers
Management Occupations,Security Managers
Management Occupations,Social and Community Service Managers
Management Occupations,Storage and Distribution Managers
Management Occupations,Supply Chain Managers
Management Occupations,Training and Development Managers
Management Occupations,Transportation Managers
Management Occupations,"Transportation, Storage, and Distribution Managers"
Management Occupations,Treasurers and Controllers
Management Occupations,Water Resource Specialists
Management Occupations,Wind Energy Operations Managers
Management Occupations,Wind Energy Project Managers
Military Specific Occupations,Air Crew Members
Military Specific Occupations,Air Crew Officers
Military Specific Occupations,Aircraft Launch and Recovery Officers
Military Specific Occupations,Aircraft Launch and Recovery Specialists
Military Specific Occupations,Armored Assault Vehicle Crew Members
Military Specific Occupations,Armored Assault Vehicle Officers
Military Specific Occupations,Artillery and Missile Crew Members
Military Specific Occupations,Artillery and Missile Officers
Military Specific Occupations,Command and Control Center Officers
Military Specific Occupations,Command and Control Center Specialists
Military Specific Occupations,First-Line Supervisors of Air Crew Members
Military Specific Occupations,First-Line Supervisors of All Other Tactical Operations Specialists
Military Specific Occupations,First-Line Supervisors of Weapons Specialists/Crew Members
Military Specific Occupations,Infantry
Military Specific Occupations,Infantry Officers
Military Specific Occupations,"Military Enlisted Tactical Operations and Air/Weapons Specialists and Crew Members, All Other"
Military Specific Occupations,"Military Officer Special and Tactical Operations Leaders, All Other"
Military Specific Occupations,Radar and Sonar Technicians
Military Specific Occupations,Special Forces
Military Specific Occupations,Special Forces Officers
Office and Administrative Support Occupations,Bill and Account Collectors
Office and Administrative Support Occupations,Billing and Posting Clerks
Office and Administrative Support Occupations,"Billing, Cost, and Rate Clerks"
Office and Administrative Support Occupations,Bioinformatics Technicians
Office and Administrative Support Occupations,"Bookkeeping, Accounting, and Auditing Clerks"
Office and Administrative Support Occupations,Brokerage Clerks
Office and Administrative Support Occupations,Cargo and Freight Agents
Office and Administrative Support Occupations,"Communications Equipment Operators, All Other"
Office and Administrative Support Occupations,Computer Operators
Office and Administrative Support Occupations,Correspondence Clerks
Office and Administrative Support Occupations,Couriers and Messengers
Office and Administrative Support Occupations,Court Clerks
Office and Administrative Support Occupations,"Court, Municipal, and License Clerks"
Office and Administrative Support Occupations,Credit Authorizers
Office and Administrative Support Occupations,"Credit Authorizers, Checkers, and Clerks"
Office and Administrative Support Occupations,Credit Checkers
Office and Administrative Support Occupations,Customer Service Representatives
Office and Administrative Support Occupations,Data Entry Keyers
Office and Administrative Support Occupations,Desktop Publishers
Office and Administrative Support Occupations,"Dispatchers, Except Police, Fire, and Ambulance"
Office and Administrative Support Occupations,"Eligibility Interviewers, Government Programs"
Office and Administrative Support Occupations,Executive Secretaries and Executive Administrative Assistants
Office and Administrative Support Occupations,File Clerks
Office and Administrative Support Occupations,"Financial Clerks, All Other"
Office and Administrative Support Occupations,First-Line Supervisors of Office and Administrative Support Workers
Office and Administrative Support Occupations,Freight Forwarders
Office and Administrative Support Occupations,Gaming Cage Workers
Office and Administrative Support Occupations,"Hotel, Motel, and Resort Desk Clerks"
Office and Administrative Support Occupations,"Human Resources Assistants, Except Payroll and Timekeeping"
Office and Administrative Support Occupations,"Information and Record Clerks, All Other"
Office and Administrative Support Occupations,Insurance Claims and Policy Processing Clerks
Office and Administrative Support Occupations,Insurance Claims Clerks
Office and Administrative Support Occupations,Insurance Policy Processing Clerks
Office and Administrative Support Occupations,"Interviewers, Except Eligibility and Loan"
Office and Administrative Support Occupations,Legal Secretaries
Office and Administrative Support Occupations,"Library Assistants, Clerical"
Office and Administrative Support Occupations,License Clerks
Office and Administrative Support Occupations,Loan Interviewers and Clerks
Office and Administrative Support Occupations,"Mail Clerks and Mail Machine Operators, Except Postal Service"
Office and Administrative Support Occupations,Marking Clerks
Office and Administrative Support Occupations,Medical Secretaries
Office and Administrative Support Occupations,"Meter Readers, Utilities"
Office and Administrative Support Occupations,Municipal Clerks
Office and Administrative Support Occupations,New Accounts Clerks
Office and Administrative Support Occupations,"Office and Administrative Support Workers, All Other"
Office and Administrative Support Occupations,"Office Clerks, General"
Office and Administrative Support Occupations,"Office Machine Operators, Except Computer"
Office and Administrative Support Occupations,Order Clerks
Office and Administrative Support Occupations,"Order Fillers, Wholesale and Retail Sales"
Office and Administrative Support Occupations,Patient Representatives
Office and Administrative Support Occupations,Payroll and Timekeeping Clerks
Office and Administrative Support Occupations,"Police, Fire, and Ambulance Dispatchers"
Office and Administrative Support Occupations,Postal Service Clerks
Office and Administrative Support Occupations,Postal Service Mail Carriers
Office and Administrative Support Occupations,"Postal Service Mail Sorters, Processors, and Processing Machine Operators"
Office and Administrative Support Occupations,Procurement Clerks
Office and Administrative Support Occupations,"Production, Planning, and Expediting Clerks"
Office and Administrative Support Occupations,Proofreaders and Copy Markers
Office and Administrative Support Occupations,Receptionists and Information Clerks
Office and Administrative Support Occupations,Reservation and Transportation Ticket Agents and Travel Clerks
Office and Administrative Support Occupations,"Secretaries and Administrative Assistants, Except Legal, Medical, and Executive"
Office and Administrative Support Occupations,"Shipping, Receiving, and Traffic Clerks"
Office and Administrative Support Occupations,Statement Clerks
Office and Administrative Support Occupations,Statistical Assistants
Office and Administrative Support Occupations,Stock Clerks and Order Fillers
Office and Administrative Support Occupations,"Stock Clerks, Sales Floor"
Office and Administrative Support Occupations,"Stock Clerks- Stockroom, Warehouse, or Storage Yard"
Office and Administrative Support Occupations,"Switchboard Operators, Including Answering Service"
Office and Administrative Support Occupations,Telephone Operators
Office and Administrative Support Occupations,Tellers
Office and Administrative Support Occupations,"Weighers, Measurers, Checkers, and Samplers, Recordkeeping"
Office and Administrative Support Occupations,Word Processors and Typists
Personal Care and Service Occupations,Amusement and Recreation Attendants
Personal Care and Service Occupations,Animal Trainers
Personal Care and Service Occupations,Baggage Porters and Bellhops
Personal Care and Service Occupations,Barbers
Personal Care and Service Occupations,Childcare Workers
Personal Care and Service Occupations,Concierges
Personal Care and Service Occupations,Costume Attendants
Personal Care and Service Occupations,Embalmers
Personal Care and Service Occupations,"Entertainment Attendants and Related Workers, All Other"
Personal Care and Service Occupations,First-Line Supervisors of Personal Service Workers
Personal Care and Service Occupations,Fitness Trainers and Aerobics Instructors
Personal Care and Service Occupations,Funeral Attendants
Personal Care and Service Occupations,Gaming and Sports Book Writers and Runners
Personal Care and Service Occupations,Gaming Dealers
Personal Care and Service Occupations,"Gaming Service Workers, All Other"
Personal Care and Service Occupations,Gaming Supervisors
Personal Care and Service Occupations,"Hairdressers, Hairstylists, and Cosmetologists"
Personal Care and Service Occupations,"Locker Room, Coatroom, and Dressing Room Attendants"
Personal Care and Service Occupations,"Makeup Artists, Theatrical and Performance"
Personal Care and Service Occupations,Manicurists and Pedicurists
Personal Care and Service Occupations,"Morticians, Undertakers, and Funeral Directors"
Personal Care and Service Occupations,Motion Picture Projectionists
Personal Care and Service Occupations,Nannies
Personal Care and Service Occupations,Nonfarm Animal Caretakers
Personal Care and Service Occupations,Personal Care Aides
Personal Care and Service Occupations,"Personal Care and Service Workers, All Other"
Personal Care and Service Occupations,Recreation Workers
Personal Care and Service Occupations,Residential Advisors
Personal Care and Service Occupations,Shampooers
Personal Care and Service Occupations,Skincare Specialists
Personal Care and Service Occupations,Slot Supervisors
Personal Care and Service Occupations,Spa Managers
Personal Care and Service Occupations,Tour Guides and Escorts
Personal Care and Service Occupations,Travel Guides
Personal Care and Service Occupations,"Ushers, Lobby Attendants, and Ticket Takers"
Production Occupations,Adhesive Bonding Machine Operators and Tenders
Production Occupations,"Aircraft Structure, Surfaces, Rigging, and Systems Assemblers"
Production Occupations,"Assemblers and Fabricators, All Other"
Production Occupations,Bakers
Production Occupations,Biofuels Processing Technicians
Production Occupations,Biomass Plant Technicians
Production Occupations,Butchers and Meat Cutters
Production Occupations,Cabinetmakers and Bench Carpenters
Production Occupations,Chemical Equipment Operators and Tenders
Production Occupations,Chemical Plant and System Operators
Production Occupations,"Cleaning, Washing, and Metal Pickling Equipment Operators and Tenders"
Production Occupations,"Coating, Painting, and Spraying Machine Setters, Operators, and Tenders"
Production Occupations,"Coil Winders, Tapers, and Finishers"
Production Occupations,"Computer Numerically Controlled Machine Tool Programmers, Metal and Plastic"
Production Occupations,"Computer-Controlled Machine Tool Operators, Metal and Plastic"
Production Occupations,Cooling and Freezing Equipment Operators and Tenders
Production Occupations,"Crushing, Grinding, and Polishing Machine Setters, Operators, and Tenders"
Production Occupations,"Cutters and Trimmers, Hand"
Production Occupations,"Cutting and Slicing Machine Setters, Operators, and Tenders"
Production Occupations,"Cutting, Punching, and Press Machine Setters, Operators, and Tenders, Metal and Plastic"
Production Occupations,Dental Laboratory Technicians
Production Occupations,"Drilling and Boring Machine Tool Setters, Operators, and Tenders, Metal and Plastic"
Production Occupations,Electrical and Electronic Equipment Assemblers
Production Occupations,Electromechanical Equipment Assemblers
Production Occupations,Engine and Other Machine Assemblers
Production Occupations,Etchers and Engravers
Production Occupations,"Extruding and Drawing Machine Setters, Operators, and Tenders, Metal and Plastic"
Production Occupations,"Extruding and Forming Machine Setters, Operators, and Tenders, Synthetic and Glass Fibers"
Production Occupations,"Extruding, Forming, Pressing, and Compacting Machine Setters, Operators, and Tenders"
Production Occupations,Fabric and Apparel Patternmakers
Production Occupations,Fiberglass Laminators and Fabricators
Production Occupations,First-Line Supervisors of Production and Operating Workers
Production Occupations,"Food and Tobacco Roasting, Baking, and Drying Machine Operators and Tenders"
Production Occupations,Food Batchmakers
Production Occupations,Food Cooking Machine Operators and Tenders
Production Occupations,"Food Processing Workers, All Other"
Production Occupations,"Forging Machine Setters, Operators, and Tenders, Metal and Plastic"
Production Occupations,Foundry Mold and Coremakers
Production Occupations,"Furnace, Kiln, Oven, Drier, and Kettle Operators and Tenders"
Production Occupations,Furniture Finishers
Production Occupations,Gas Plant Operators
Production Occupations,Gem and Diamond Workers
Production Occupations,"Glass Blowers, Molders, Benders, and Finishers"
Production Occupations,"Grinding and Polishing Workers, Hand"
Production Occupations,"Grinding, Lapping, Polishing, and Buffing Machine Tool Setters, Operators, and Tenders, Metal and Plastic"
Production Occupations,"Heat Treating Equipment Setters, Operators, and Tenders, Metal and Plastic"
Production Occupations,Helpers--Production Workers
Production Occupations,Hydroelectric Plant Technicians
Production Occupations,"Inspectors, Testers, Sorters, Samplers, and Weighers"
Production Occupations,Jewelers
Production Occupations,Jewelers and Precious Stone and Metal Workers
Production Occupations,"Lathe and Turning Machine Tool Setters, Operators, and Tenders, Metal and Plastic"
Production Occupations,Laundry and Dry-Cleaning Workers
Production Occupations,"Layout Workers, Metal and Plastic"
Production Occupations,Machinists
Production Occupations,"Meat, Poultry, and Fish Cutters and Trimmers"
Production Occupations,Medical Appliance Technicians
Production Occupations,"Metal Workers and Plastic Workers, All Other"
Production Occupations,Metal-Refining Furnace Operators and Tenders
Production Occupations,Methane/Landfill Gas Generation System Technicians
Production Occupations,"Milling and Planing Machine Setters, Operators, and Tenders, Metal and Plastic"
Production Occupations,"Mixing and Blending Machine Setters, Operators, and Tenders"
Production Occupations,"Model Makers, Metal and Plastic"
Production Occupations,"Model Makers, Wood"
Production Occupations,"Molders, Shapers, and Casters, Except Metal and Plastic"
Production Occupations,Molding and Casting Workers
Production Occupations,"Molding, Coremaking, and Casting Machine Setters, Operators, and Tenders, Metal and Plastic"
Production Occupations,"Multiple Machine Tool Setters, Operators, and Tenders, Metal and Plastic"
Production Occupations,Nuclear Power Reactor Operators
Production Occupations,Ophthalmic Laboratory Technicians
Production Occupations,Packaging and Filling Machine Operators and Tenders
Production Occupations,"Painters, Transportation Equipment"
Production Occupations,"Painting, Coating, and Decorating Workers"
Production Occupations,"Paper Goods Machine Setters, Operators, and Tenders"
Production Occupations,"Patternmakers, Metal and Plastic"
Production Occupations,"Patternmakers, Wood"
Production Occupations,"Petroleum Pump System Operators, Refinery Operators, and Gaugers"
Production Occupations,Photographic Process Workers and Processing Machine Operators
Production Occupations,"Plant and System Operators, All Other"
Production Occupations,"Plating and Coating Machine Setters, Operators, and Tenders, Metal and Plastic"
Production Occupations,"Potters, Manufacturing"
Production Occupations,"Pourers and Casters, Metal"
Production Occupations,Power Distributors and Dispatchers
Production Occupations,Power Plant Operators
Production Occupations,Precious Metal Workers
Production Occupations,Prepress Technicians and Workers
Production Occupations,"Pressers, Textile, Garment, and Related Materials"
Production Occupations,Print Binding and Finishing Workers
Production Occupations,Printing Press Operators
Production Occupations,"Production Workers, All Other"
Production Occupations,Recycling and Reclamation Workers
Production Occupations,"Rolling Machine Setters, Operators, and Tenders, Metal and Plastic"
Production Occupations,"Sawing Machine Setters, Operators, and Tenders, Wood"
Production Occupations,Semiconductor Processors
Production Occupations,"Separating, Filtering, Clarifying, Precipitating, and Still Machine Setters, Operators, and Tenders"
Production Occupations,"Sewers, Hand"
Production Occupations,Sewing Machine Operators
Production Occupations,Shoe and Leather Workers and Repairers
Production Occupations,Shoe Machine Operators and Tenders
Production Occupations,Slaughterers and Meat Packers
Production Occupations,Solderers and Brazers
Production Occupations,Stationary Engineers and Boiler Operators
Production Occupations,"Stone Cutters and Carvers, Manufacturing"
Production Occupations,Structural Metal Fabricators and Fitters
Production Occupations,"Tailors, Dressmakers, and Custom Sewers"
Production Occupations,Team Assemblers
Production Occupations,Textile Bleaching and Dyeing Machine Operators and Tenders
Production Occupations,"Textile Cutting Machine Setters, Operators, and Tenders"
Production Occupations,"Textile Knitting and Weaving Machine Setters, Operators, and Tenders"
Production Occupations,"Textile Winding, Twisting, and Drawing Out Machine Setters, Operators, and Tenders"
Production Occupations,"Textile, Apparel, and Furnishings Workers, All Other"
Production Occupations,Timing Device Assemblers and Adjusters
Production Occupations,Tire Builders
Production Occupations,Tool and Die Makers
Production Occupations,"Tool Grinders, Filers, and Sharpeners"
Production Occupations,Upholsterers
Production Occupations,Water and Wastewater Treatment Plant and System Operators
Production Occupations,"Welders, Cutters, and Welder Fitters"
Production Occupations,"Welders, Cutters, Solderers, and Brazers"
Production Occupations,"Welding, Soldering, and Brazing Machine Setters, Operators, and Tenders"
Production Occupations,"Woodworkers, All Other"
Production Occupations,"Woodworking Machine Setters, Operators, and Tenders, Except Sawing"
Protective Service Occupations,Animal Control Workers
Protective Service Occupations,Bailiffs
Protective Service Occupations,Correctional Officers and Jailers
Protective Service Occupations,Criminal Investigators and Special Agents
Protective Service Occupations,Crossing Guards
Protective Service Occupations,Detectives and Criminal Investigators
Protective Service Occupations,Fire Inspectors
Protective Service Occupations,Fire Inspectors and Investigators
Protective Service Occupations,Fire Investigators
Protective Service Occupations,Firefighters
Protective Service Occupations,First-Line Supervisors of Correctional Officers
Protective Service Occupations,First-Line Supervisors of Fire Fighting and Prevention Workers
Protective Service Occupations,First-Line Supervisors of Police and Detectives
Protective Service Occupations,"First-Line Supervisors of Protective Service Workers, All Other"
Protective Service Occupations,Fish and Game Wardens
Protective Service Occupations,Forest Fire Fighting and Prevention Supervisors
Protective Service Occupations,Forest Fire Inspectors and Prevention Specialists
Protective Service Occupations,Forest Firefighters
Protective Service Occupations,Gaming Surveillance Officers and Gaming Investigators
Protective Service Occupations,Immigration and Customs Inspectors
Protective Service Occupations,Intelligence Analysts
Protective Service Occupations,"Lifeguards, Ski Patrol, and Other Recreational Protective Service Workers"
Protective Service Occupations,Municipal Fire Fighting and Prevention Supervisors
Protective Service Occupations,Municipal Firefighters
Protective Service Occupations,Parking Enforcement Workers
Protective Service Occupations,Police and Sheriff's Patrol Officers
Protective Service Occupations,Police Detectives
Protective Service Occupations,Police Identification and Records Officers
Protective Service Occupations,Police Patrol Officers
Protective Service Occupations,Private Detectives and Investigators
Protective Service Occupations,"Protective Service Workers, All Other"
Protective Service Occupations,Retail Loss Prevention Specialists
Protective Service Occupations,Security Guards
Protective Service Occupations,Sheriffs and Deputy Sheriffs
Protective Service Occupations,Transit and Railroad Police
Protective Service Occupations,Transportation Security Screeners
Sales and Related Occupations,Advertising Sales Agents
Sales and Related Occupations,Cashiers
Sales and Related Occupations,Counter and Rental Clerks
Sales and Related Occupations,Demonstrators and Product Promoters
Sales and Related Occupations,"Door-To-Door Sales Workers, News and Street Vendors, and Related Workers"
Sales and Related Occupations,Energy Brokers
Sales and Related Occupations,First-Line Supervisors of Non-Retail Sales Workers
Sales and Related Occupations,First-Line Supervisors of Retail Sales Workers
Sales and Related Occupations,Gaming Change Persons and Booth Cashiers
Sales and Related Occupations,Insurance Sales Agents
Sales and Related Occupations,Models
Sales and Related Occupations,Parts Salespersons
Sales and Related Occupations,Real Estate Brokers
Sales and Related Occupations,Real Estate Sales Agents
Sales and Related Occupations,Retail Salespersons
Sales and Related Occupations,"Sales Agents, Financial Services"
Sales and Related Occupations,"Sales Agents, Securities and Commodities"
Sales and Related Occupations,"Sales and Related Workers, All Other"
Sales and Related Occupations,Sales Engineers
Sales and Related Occupations,"Sales Representatives, Services, All Other"
Sales and Related Occupations,"Sales Representatives, Wholesale and Manufacturing, Except Technical and Scientific Products"
Sales and Related Occupations,"Sales Representatives, Wholesale and Manufacturing, Technical and Scientific Products"
Sales and Related Occupations,Securities and Commodities Traders
Sales and Related Occupations,"Securities, Commodities, and Financial Services Sales Agents"
Sales and Related Occupations,Solar Sales Representatives and Assessors
Sales and Related Occupations,Telemarketers
Sales and Related Occupations,Travel Agents
